mixture_path,source_1_path,length
/Users/will_salsa/Documents/GitHub/asteroid/Datasets/Mixed_Datasets/Mix_Output_Small_8k/84-121550-0031_snr19.9.wav,/Users/will_salsa/Documents/GitHub/asteroid/Datasets/Clean_Datasets/LibriSpeech_Datasets/LibriSpeech_Small_8k/84-121550-0031.flac,69240
/Users/will_salsa/Documents/GitHub/asteroid/Datasets/Mixed_Datasets/Mix_Output_Small_8k/84-121550-0027_snr17.5.wav,/Users/will_salsa/Documents/GitHub/asteroid/Datasets/Clean_Datasets/LibriSpeech_Datasets/LibriSpeech_Small_8k/84-121550-0027.flac,31960
/Users/will_salsa/Documents/GitHub/asteroid/Datasets/Mixed_Datasets/Mix_Output_Small_8k/84-121123-0026_snr10.2.wav,/Users/will_salsa/Documents/GitHub/asteroid/Datasets/Clean_Datasets/LibriSpeech_Datasets/LibriSpeech_Small_8k/84-121123-0026.flac,111520
/Users/will_salsa/Documents/GitHub/asteroid/Datasets/Mixed_Datasets/Mix_Output_Small_8k/84-121550-0007_snr5.1.wav,/Users/will_salsa/Documents/GitHub/asteroid/Datasets/Clean_Datasets/LibriSpeech_Datasets/LibriSpeech_Small_8k/84-121550-0007.flac,76200
/Users/will_salsa/Documents/GitHub/asteroid/Datasets/Mixed_Datasets/Mix_Output_Small_8k/84-121123-0006_snr6.1.wav,/Users/will_salsa/Documents/GitHub/asteroid/Datasets/Clean_Datasets/LibriSpeech_Datasets/LibriSpeech_Small_8k/84-121123-0006.flac,44960
/Users/will_salsa/Documents/GitHub/asteroid/Datasets/Mixed_Datasets/Mix_Output_Small_8k/84-121123-0010_snr16.3.wav,/Users/will_salsa/Documents/GitHub/asteroid/Datasets/Clean_Datasets/LibriSpeech_Datasets/LibriSpeech_Small_8k/84-121123-0010.flac,57520
/Users/will_salsa/Documents/GitHub/asteroid/Datasets/Mixed_Datasets/Mix_Output_Small_8k/84-121550-0011_snr17.4.wav,/Users/will_salsa/Documents/GitHub/asteroid/Datasets/Clean_Datasets/LibriSpeech_Datasets/LibriSpeech_Small_8k/84-121550-0011.flac,74840
/Users/will_salsa/Documents/GitHub/asteroid/Datasets/Mixed_Datasets/Mix_Output_Small_8k/84-121550-0010_snr6.3.wav,/Users/will_salsa/Documents/GitHub/asteroid/Datasets/Clean_Datasets/LibriSpeech_Datasets/LibriSpeech_Small_8k/84-121550-0010.flac,66640
/Users/will_salsa/Documents/GitHub/asteroid/Datasets/Mixed_Datasets/Mix_Output_Small_8k/84-121123-0011_snr6.7.wav,/Users/will_salsa/Documents/GitHub/asteroid/Datasets/Clean_Datasets/LibriSpeech_Datasets/LibriSpeech_Small_8k/84-121123-0011.flac,26000
/Users/will_salsa/Documents/GitHub/asteroid/Datasets/Mixed_Datasets/Mix_Output_Small_8k/84-121123-0007_snr17.2.wav,/Users/will_salsa/Documents/GitHub/asteroid/Datasets/Clean_Datasets/LibriSpeech_Datasets/LibriSpeech_Small_8k/84-121123-0007.flac,16000
/Users/will_salsa/Documents/GitHub/asteroid/Datasets/Mixed_Datasets/Mix_Output_Small_8k/84-121550-0006_snr11.5.wav,/Users/will_salsa/Documents/GitHub/asteroid/Datasets/Clean_Datasets/LibriSpeech_Datasets/LibriSpeech_Small_8k/84-121550-0006.flac,70640
/Users/will_salsa/Documents/GitHub/asteroid/Datasets/Mixed_Datasets/Mix_Output_Small_8k/84-121123-0027_snr18.4.wav,/Users/will_salsa/Documents/GitHub/asteroid/Datasets/Clean_Datasets/LibriSpeech_Datasets/LibriSpeech_Small_8k/84-121123-0027.flac,24560
/Users/will_salsa/Documents/GitHub/asteroid/Datasets/Mixed_Datasets/Mix_Output_Small_8k/84-121550-0026_snr11.4.wav,/Users/will_salsa/Documents/GitHub/asteroid/Datasets/Clean_Datasets/LibriSpeech_Datasets/LibriSpeech_Small_8k/84-121550-0026.flac,74800
/Users/will_salsa/Documents/GitHub/asteroid/Datasets/Mixed_Datasets/Mix_Output_Small_8k/84-121550-0030_snr13.1.wav,/Users/will_salsa/Documents/GitHub/asteroid/Datasets/Clean_Datasets/LibriSpeech_Datasets/LibriSpeech_Small_8k/84-121550-0030.flac,71400
/Users/will_salsa/Documents/GitHub/asteroid/Datasets/Mixed_Datasets/Mix_Output_Small_8k/84-121550-0001_snr6.2.wav,/Users/will_salsa/Documents/GitHub/asteroid/Datasets/Clean_Datasets/LibriSpeech_Datasets/LibriSpeech_Small_8k/84-121550-0001.flac,63800
/Users/will_salsa/Documents/GitHub/asteroid/Datasets/Mixed_Datasets/Mix_Output_Small_8k/84-121123-0000_snr18.6.wav,/Users/will_salsa/Documents/GitHub/asteroid/Datasets/Clean_Datasets/LibriSpeech_Datasets/LibriSpeech_Small_8k/84-121123-0000.flac,16720
/Users/will_salsa/Documents/GitHub/asteroid/Datasets/Mixed_Datasets/Mix_Output_Small_8k/84-121123-0016_snr17.8.wav,/Users/will_salsa/Documents/GitHub/asteroid/Datasets/Clean_Datasets/LibriSpeech_Datasets/LibriSpeech_Small_8k/84-121123-0016.flac,67280
/Users/will_salsa/Documents/GitHub/asteroid/Datasets/Mixed_Datasets/Mix_Output_Small_8k/84-121550-0017_snr5.3.wav,/Users/will_salsa/Documents/GitHub/asteroid/Datasets/Clean_Datasets/LibriSpeech_Datasets/LibriSpeech_Small_8k/84-121550-0017.flac,69160
/Users/will_salsa/Documents/GitHub/asteroid/Datasets/Mixed_Datasets/Mix_Output_Small_8k/84-121550-0021_snr5.9.wav,/Users/will_salsa/Documents/GitHub/asteroid/Datasets/Clean_Datasets/LibriSpeech_Datasets/LibriSpeech_Small_8k/84-121550-0021.flac,69680
/Users/will_salsa/Documents/GitHub/asteroid/Datasets/Mixed_Datasets/Mix_Output_Small_8k/84-121123-0020_snr19.2.wav,/Users/will_salsa/Documents/GitHub/asteroid/Datasets/Clean_Datasets/LibriSpeech_Datasets/LibriSpeech_Small_8k/84-121123-0020.flac,55360
/Users/will_salsa/Documents/GitHub/asteroid/Datasets/Mixed_Datasets/Mix_Output_Small_8k/84-121123-0021_snr7.1.wav,/Users/will_salsa/Documents/GitHub/asteroid/Datasets/Clean_Datasets/LibriSpeech_Datasets/LibriSpeech_Small_8k/84-121123-0021.flac,38520
/Users/will_salsa/Documents/GitHub/asteroid/Datasets/Mixed_Datasets/Mix_Output_Small_8k/84-121550-0020_snr19.7.wav,/Users/will_salsa/Documents/GitHub/asteroid/Datasets/Clean_Datasets/LibriSpeech_Datasets/LibriSpeech_Small_8k/84-121550-0020.flac,67120
/Users/will_salsa/Documents/GitHub/asteroid/Datasets/Mixed_Datasets/Mix_Output_Small_8k/84-121550-0016_snr16.9.wav,/Users/will_salsa/Documents/GitHub/asteroid/Datasets/Clean_Datasets/LibriSpeech_Datasets/LibriSpeech_Small_8k/84-121550-0016.flac,71640
/Users/will_salsa/Documents/GitHub/asteroid/Datasets/Mixed_Datasets/Mix_Output_Small_8k/84-121123-0017_snr14.7.wav,/Users/will_salsa/Documents/GitHub/asteroid/Datasets/Clean_Datasets/LibriSpeech_Datasets/LibriSpeech_Small_8k/84-121123-0017.flac,75000
/Users/will_salsa/Documents/GitHub/asteroid/Datasets/Mixed_Datasets/Mix_Output_Small_8k/84-121123-0001_snr8.7.wav,/Users/will_salsa/Documents/GitHub/asteroid/Datasets/Clean_Datasets/LibriSpeech_Datasets/LibriSpeech_Small_8k/84-121123-0001.flac,31920
/Users/will_salsa/Documents/GitHub/asteroid/Datasets/Mixed_Datasets/Mix_Output_Small_8k/84-121550-0000_snr17.3.wav,/Users/will_salsa/Documents/GitHub/asteroid/Datasets/Clean_Datasets/LibriSpeech_Datasets/LibriSpeech_Small_8k/84-121550-0000.flac,67480
/Users/will_salsa/Documents/GitHub/asteroid/Datasets/Mixed_Datasets/Mix_Output_Small_8k/84-121550-0015_snr15.2.wav,/Users/will_salsa/Documents/GitHub/asteroid/Datasets/Clean_Datasets/LibriSpeech_Datasets/LibriSpeech_Small_8k/84-121550-0015.flac,65240
/Users/will_salsa/Documents/GitHub/asteroid/Datasets/Mixed_Datasets/Mix_Output_Small_8k/84-121123-0014_snr14.9.wav,/Users/will_salsa/Documents/GitHub/asteroid/Datasets/Clean_Datasets/LibriSpeech_Datasets/LibriSpeech_Small_8k/84-121123-0014.flac,23080
/Users/will_salsa/Documents/GitHub/asteroid/Datasets/Mixed_Datasets/Mix_Output_Small_8k/84-121123-0002_snr5.3.wav,/Users/will_salsa/Documents/GitHub/asteroid/Datasets/Clean_Datasets/LibriSpeech_Datasets/LibriSpeech_Small_8k/84-121123-0002.flac,109520
/Users/will_salsa/Documents/GitHub/asteroid/Datasets/Mixed_Datasets/Mix_Output_Small_8k/84-121550-0003_snr18.7.wav,/Users/will_salsa/Documents/GitHub/asteroid/Datasets/Clean_Datasets/LibriSpeech_Datasets/LibriSpeech_Small_8k/84-121550-0003.flac,65280
/Users/will_salsa/Documents/GitHub/asteroid/Datasets/Mixed_Datasets/Mix_Output_Small_8k/84-121123-0022_snr7.0.wav,/Users/will_salsa/Documents/GitHub/asteroid/Datasets/Clean_Datasets/LibriSpeech_Datasets/LibriSpeech_Small_8k/84-121123-0022.flac,20880
/Users/will_salsa/Documents/GitHub/asteroid/Datasets/Mixed_Datasets/Mix_Output_Small_8k/84-121550-0023_snr8.4.wav,/Users/will_salsa/Documents/GitHub/asteroid/Datasets/Clean_Datasets/LibriSpeech_Datasets/LibriSpeech_Small_8k/84-121550-0023.flac,57720
/Users/will_salsa/Documents/GitHub/asteroid/Datasets/Mixed_Datasets/Mix_Output_Small_8k/84-121550-0035_snr6.5.wav,/Users/will_salsa/Documents/GitHub/asteroid/Datasets/Clean_Datasets/LibriSpeech_Datasets/LibriSpeech_Small_8k/84-121550-0035.flac,65760
/Users/will_salsa/Documents/GitHub/asteroid/Datasets/Mixed_Datasets/Mix_Output_Small_8k/84-121550-0019_snr13.8.wav,/Users/will_salsa/Documents/GitHub/asteroid/Datasets/Clean_Datasets/LibriSpeech_Datasets/LibriSpeech_Small_8k/84-121550-0019.flac,74240
/Users/will_salsa/Documents/GitHub/asteroid/Datasets/Mixed_Datasets/Mix_Output_Small_8k/84-121123-0018_snr13.1.wav,/Users/will_salsa/Documents/GitHub/asteroid/Datasets/Clean_Datasets/LibriSpeech_Datasets/LibriSpeech_Small_8k/84-121123-0018.flac,28400
/Users/will_salsa/Documents/GitHub/asteroid/Datasets/Mixed_Datasets/Mix_Output_Small_8k/84-121123-0019_snr17.3.wav,/Users/will_salsa/Documents/GitHub/asteroid/Datasets/Clean_Datasets/LibriSpeech_Datasets/LibriSpeech_Small_8k/84-121123-0019.flac,19480
/Users/will_salsa/Documents/GitHub/asteroid/Datasets/Mixed_Datasets/Mix_Output_Small_8k/84-121550-0018_snr5.1.wav,/Users/will_salsa/Documents/GitHub/asteroid/Datasets/Clean_Datasets/LibriSpeech_Datasets/LibriSpeech_Small_8k/84-121550-0018.flac,75680
/Users/will_salsa/Documents/GitHub/asteroid/Datasets/Mixed_Datasets/Mix_Output_Small_8k/84-121550-0034_snr8.8.wav,/Users/will_salsa/Documents/GitHub/asteroid/Datasets/Clean_Datasets/LibriSpeech_Datasets/LibriSpeech_Small_8k/84-121550-0034.flac,71560
/Users/will_salsa/Documents/GitHub/asteroid/Datasets/Mixed_Datasets/Mix_Output_Small_8k/84-121550-0022_snr10.3.wav,/Users/will_salsa/Documents/GitHub/asteroid/Datasets/Clean_Datasets/LibriSpeech_Datasets/LibriSpeech_Small_8k/84-121550-0022.flac,61200
/Users/will_salsa/Documents/GitHub/asteroid/Datasets/Mixed_Datasets/Mix_Output_Small_8k/84-121123-0023_snr10.4.wav,/Users/will_salsa/Documents/GitHub/asteroid/Datasets/Clean_Datasets/LibriSpeech_Datasets/LibriSpeech_Small_8k/84-121123-0023.flac,37480
/Users/will_salsa/Documents/GitHub/asteroid/Datasets/Mixed_Datasets/Mix_Output_Small_8k/84-121550-0002_snr11.8.wav,/Users/will_salsa/Documents/GitHub/asteroid/Datasets/Clean_Datasets/LibriSpeech_Datasets/LibriSpeech_Small_8k/84-121550-0002.flac,66120
/Users/will_salsa/Documents/GitHub/asteroid/Datasets/Mixed_Datasets/Mix_Output_Small_8k/84-121123-0003_snr18.2.wav,/Users/will_salsa/Documents/GitHub/asteroid/Datasets/Clean_Datasets/LibriSpeech_Datasets/LibriSpeech_Small_8k/84-121123-0003.flac,54400
/Users/will_salsa/Documents/GitHub/asteroid/Datasets/Mixed_Datasets/Mix_Output_Small_8k/84-121123-0015_snr5.6.wav,/Users/will_salsa/Documents/GitHub/asteroid/Datasets/Clean_Datasets/LibriSpeech_Datasets/LibriSpeech_Small_8k/84-121123-0015.flac,24280
/Users/will_salsa/Documents/GitHub/asteroid/Datasets/Mixed_Datasets/Mix_Output_Small_8k/84-121550-0014_snr16.1.wav,/Users/will_salsa/Documents/GitHub/asteroid/Datasets/Clean_Datasets/LibriSpeech_Datasets/LibriSpeech_Small_8k/84-121550-0014.flac,65480
/Users/will_salsa/Documents/GitHub/asteroid/Datasets/Mixed_Datasets/Mix_Output_Small_8k/84-121123-0024_snr16.4.wav,/Users/will_salsa/Documents/GitHub/asteroid/Datasets/Clean_Datasets/LibriSpeech_Datasets/LibriSpeech_Small_8k/84-121123-0024.flac,83040
/Users/will_salsa/Documents/GitHub/asteroid/Datasets/Mixed_Datasets/Mix_Output_Small_8k/84-121550-0025_snr7.4.wav,/Users/will_salsa/Documents/GitHub/asteroid/Datasets/Clean_Datasets/LibriSpeech_Datasets/LibriSpeech_Small_8k/84-121550-0025.flac,78720
/Users/will_salsa/Documents/GitHub/asteroid/Datasets/Mixed_Datasets/Mix_Output_Small_8k/84-121550-0033_snr9.9.wav,/Users/will_salsa/Documents/GitHub/asteroid/Datasets/Clean_Datasets/LibriSpeech_Datasets/LibriSpeech_Small_8k/84-121550-0033.flac,64160
/Users/will_salsa/Documents/GitHub/asteroid/Datasets/Mixed_Datasets/Mix_Output_Small_8k/84-121123-0008_snr17.1.wav,/Users/will_salsa/Documents/GitHub/asteroid/Datasets/Clean_Datasets/LibriSpeech_Datasets/LibriSpeech_Small_8k/84-121123-0008.flac,56120
/Users/will_salsa/Documents/GitHub/asteroid/Datasets/Mixed_Datasets/Mix_Output_Small_8k/84-121550-0009_snr14.2.wav,/Users/will_salsa/Documents/GitHub/asteroid/Datasets/Clean_Datasets/LibriSpeech_Datasets/LibriSpeech_Small_8k/84-121550-0009.flac,68920
/Users/will_salsa/Documents/GitHub/asteroid/Datasets/Mixed_Datasets/Mix_Output_Small_8k/84-121123-0028_snr11.9.wav,/Users/will_salsa/Documents/GitHub/asteroid/Datasets/Clean_Datasets/LibriSpeech_Datasets/LibriSpeech_Small_8k/84-121123-0028.flac,38080
/Users/will_salsa/Documents/GitHub/asteroid/Datasets/Mixed_Datasets/Mix_Output_Small_8k/84-121550-0029_snr10.3.wav,/Users/will_salsa/Documents/GitHub/asteroid/Datasets/Clean_Datasets/LibriSpeech_Datasets/LibriSpeech_Small_8k/84-121550-0029.flac,67080
/Users/will_salsa/Documents/GitHub/asteroid/Datasets/Mixed_Datasets/Mix_Output_Small_8k/84-121550-0013_snr11.7.wav,/Users/will_salsa/Documents/GitHub/asteroid/Datasets/Clean_Datasets/LibriSpeech_Datasets/LibriSpeech_Small_8k/84-121550-0013.flac,152880
/Users/will_salsa/Documents/GitHub/asteroid/Datasets/Mixed_Datasets/Mix_Output_Small_8k/84-121123-0012_snr14.6.wav,/Users/will_salsa/Documents/GitHub/asteroid/Datasets/Clean_Datasets/LibriSpeech_Datasets/LibriSpeech_Small_8k/84-121123-0012.flac,20480
/Users/will_salsa/Documents/GitHub/asteroid/Datasets/Mixed_Datasets/Mix_Output_Small_8k/84-121123-0004_snr18.5.wav,/Users/will_salsa/Documents/GitHub/asteroid/Datasets/Clean_Datasets/LibriSpeech_Datasets/LibriSpeech_Small_8k/84-121123-0004.flac,35200
/Users/will_salsa/Documents/GitHub/asteroid/Datasets/Mixed_Datasets/Mix_Output_Small_8k/84-121550-0005_snr10.6.wav,/Users/will_salsa/Documents/GitHub/asteroid/Datasets/Clean_Datasets/LibriSpeech_Datasets/LibriSpeech_Small_8k/84-121550-0005.flac,69720
/Users/will_salsa/Documents/GitHub/asteroid/Datasets/Mixed_Datasets/Mix_Output_Small_8k/84-121550-0004_snr11.0.wav,/Users/will_salsa/Documents/GitHub/asteroid/Datasets/Clean_Datasets/LibriSpeech_Datasets/LibriSpeech_Small_8k/84-121550-0004.flac,63720
/Users/will_salsa/Documents/GitHub/asteroid/Datasets/Mixed_Datasets/Mix_Output_Small_8k/84-121123-0005_snr15.0.wav,/Users/will_salsa/Documents/GitHub/asteroid/Datasets/Clean_Datasets/LibriSpeech_Datasets/LibriSpeech_Small_8k/84-121123-0005.flac,127680
/Users/will_salsa/Documents/GitHub/asteroid/Datasets/Mixed_Datasets/Mix_Output_Small_8k/84-121123-0013_snr8.3.wav,/Users/will_salsa/Documents/GitHub/asteroid/Datasets/Clean_Datasets/LibriSpeech_Datasets/LibriSpeech_Small_8k/84-121123-0013.flac,19200
/Users/will_salsa/Documents/GitHub/asteroid/Datasets/Mixed_Datasets/Mix_Output_Small_8k/84-121550-0012_snr7.0.wav,/Users/will_salsa/Documents/GitHub/asteroid/Datasets/Clean_Datasets/LibriSpeech_Datasets/LibriSpeech_Small_8k/84-121550-0012.flac,73920
/Users/will_salsa/Documents/GitHub/asteroid/Datasets/Mixed_Datasets/Mix_Output_Small_8k/84-121550-0028_snr5.4.wav,/Users/will_salsa/Documents/GitHub/asteroid/Datasets/Clean_Datasets/LibriSpeech_Datasets/LibriSpeech_Small_8k/84-121550-0028.flac,61120
/Users/will_salsa/Documents/GitHub/asteroid/Datasets/Mixed_Datasets/Mix_Output_Small_8k/84-121550-0008_snr18.2.wav,/Users/will_salsa/Documents/GitHub/asteroid/Datasets/Clean_Datasets/LibriSpeech_Datasets/LibriSpeech_Small_8k/84-121550-0008.flac,67560
/Users/will_salsa/Documents/GitHub/asteroid/Datasets/Mixed_Datasets/Mix_Output_Small_8k/84-121123-0009_snr14.7.wav,/Users/will_salsa/Documents/GitHub/asteroid/Datasets/Clean_Datasets/LibriSpeech_Datasets/LibriSpeech_Small_8k/84-121123-0009.flac,21561
/Users/will_salsa/Documents/GitHub/asteroid/Datasets/Mixed_Datasets/Mix_Output_Small_8k/84-121550-0032_snr19.0.wav,/Users/will_salsa/Documents/GitHub/asteroid/Datasets/Clean_Datasets/LibriSpeech_Datasets/LibriSpeech_Small_8k/84-121550-0032.flac,66000
/Users/will_salsa/Documents/GitHub/asteroid/Datasets/Mixed_Datasets/Mix_Output_Small_8k/84-121550-0024_snr5.2.wav,/Users/will_salsa/Documents/GitHub/asteroid/Datasets/Clean_Datasets/LibriSpeech_Datasets/LibriSpeech_Small_8k/84-121550-0024.flac,69040
/Users/will_salsa/Documents/GitHub/asteroid/Datasets/Mixed_Datasets/Mix_Output_Small_8k/84-121123-0025_snr5.4.wav,/Users/will_salsa/Documents/GitHub/asteroid/Datasets/Clean_Datasets/LibriSpeech_Datasets/LibriSpeech_Small_8k/84-121123-0025.flac,50040
